,id,hashtags
0,1595135957446979584,BloodRelatives
1,1595135938518474752,BajwaLeaks
2,1595135928003186688,世界杯下注
3,1595135918440321026,BuyIntoArt
4,1595135908097167360,3in2023
5,1595135887251161090,3in2023
6,1595135872378490881,3in2023
7,1595135852455215104,Ikenography
8,1595135801464999937,世界杯
9,1595135771614523393,ChipperXSheggz
10,1595135762399260672,donor
11,1595135689984970752,RedRaiders
12,1595135620003008512,BajwaLeaks
13,1595135618623082497,BajwaLeaks
14,1595135598708150273,Javanrud
15,1595135596997267457,ChipperXSheggz
16,1595135573794394112,亚博体育
17,1595135570384023552,亚博体育
18,1595135542823645184,世界杯
19,1595135511202791425,ULTRAKILL
20,1595135498192056321,Javanroud
21,1595135475861577729,Javanroud
22,1595135462725029889,Javanroud
23,1595135460917260289,世界杯决赛
24,1595135422036049920,世界杯下注
25,1595135389895110656,those
26,1595135386208342016,those
27,1595135383997931521,fanart
28,1595135382533947396,fanart
29,1595135379149144077,南宁
30,1595135360472088576,世界杯
31,1595135331073896448,Noirvember
32,1595135309007593472,Noirvember
33,1595135296521183233,世界杯
34,1595135287868653568,世界杯
35,1595135275788734464,世界杯
36,1595135269057204224,BoycottQatar2022
37,1595135264875499521,BoycottQatar2022
38,1595135209246142465,creativity
39,1595135192918032384,BajwaLeaks
40,1595135184273575938,南宁
41,1595135179462303750,南宁
42,1595135171560607745,南宁
43,1595135163075559424,南宁
44,1595135144331182080,Javanrud
45,1595135143215235074,Javanrud
46,1595135129881825280,Javanrud
47,1595135115746693120,dking001
48,1595135114446798848,dking001
49,1595135111267115008,dking001
50,1595135064052240385,佛山
51,1595135042224807937,ChipperXSheggz
52,1595135030958821377,Karachi
53,1595135007898898432,KayBurley
54,1595134992606060544,佛山
55,1595134989225840646,fanart
56,1595134963909001219,Blood
57,1595134963330220032,Blood
58,1595134948520128513,Vax
59,1595134947735441408,Vax
60,1595134933365686275,Vax
61,1595134914520788993,Vax
62,1595134909433008129,Ikenography
63,1595134853070323712,Javanrud
64,1595134833541332992,vascularcase
65,1595134818731556864,PutLaborLast
66,1595134817162887168,PutLaborLast
67,1595134786162790403,PutLaborLast
68,1595134783193223169,PutLaborLast
69,1595134779602894848,PutLaborLast
70,1595134773261144066,PutLaborLast
71,1595134710837317632,Anonymous
72,1595134683700154368,home22tuck
73,1595134675273805824,home22tuck
74,1595134673344409600,home22tuck
75,1595134646714449920,深圳
76,1595134611742392322,Companion
77,1595134600631590912,FIFAWorldCup
78,1595134599750856704,BoycottQatar2022
79,1595134591559684096,BoycottQatar2022
80,1595134573960081413,世界杯
81,1595134551227273217,Javanrud
82,1595134542360489986,Javanrud
83,1595134521669996544,世界杯
84,1595134492108533761,Iran
85,1595134491785560064,Ikenography
86,1595134490644709379,Ikenography
87,1595134488874389504,Ikenography
88,1595134483422117889,佛山
89,1595134471979692032,PS4share
90,1595134453164429313,collectiondevelopment
91,1595134444381548544,Bleach
92,1595134439633596416,zhongther
93,1595134387028656130,clown
94,1595134319135113217,MHA374
95,1595134311673782272,MHA374
96,1595134303226458113,佛山
97,1595134283773251584,世界杯
98,1595134274617114627,世界杯
99,1595134272494788608,世界杯
100,1595134239280082944,KayBurley
101,1595134224159629313,重庆
102,1595134214386909184,重庆
103,1595134204047921152,重庆
104,1595134164927664128,FIFAWorldCup
105,1595134134266929152,南宁
106,1595134130009690112,Artsuki
107,1595134129804234752,Artsuki
108,1595134126516219905,fivenightsatfreddys
109,1595134120564342809,Bleach
110,1595134089551810560,Ikenography
111,1595134088775495680,Bleach
112,1595134062452420608,NewBook
113,1595134052545462273,FIFAWorldCup
114,1595134052432240640,FIFAWorldCup
115,1595134048229560320,FIFAWorldCup
116,1595134043003445248,BeautyTukura
117,1595134031834017793,BeautyTukura
118,1595134010371739648,FIFAWorldCup
119,1595133980814508032,佛山
120,1595133965652066304,佛山
121,1595133948417523713,佛山
122,1595133933007802368,2Good2Help
123,1595133931372048384,2Good2Help
124,1595133920047398912,世界杯下注
125,1595133918596182016,世界杯下注
126,1595133888686608384,Blood
127,1595133867777982465,南宁
128,1595133814899998720,WeyesBlood
129,1595133800585236480,airpollution
130,1595133783325675521,BloodMatters
131,1595133781287268352,BloodMatters
132,1595133773422944257,世界杯
133,1595133753156079616,ghosts
134,1595133740501860352,ghosts
135,1595133736773128192,世界杯决赛
136,1595133728959102977,fivenightsatfreddys
137,1595133683413168128,南宁
138,1595133662609412096,南宁
139,1595133661464391680,南宁
140,1595133655139364864,fanart
141,1595133628669124608,GravityFalls
142,1595133613552545792,yeg
143,1595133586348605441,BloodAid
144,1595133573199458305,广州
145,1595133564877578241,Islamabad
146,1595133562134487040,Islamabad
147,1595133523660525569,Vampires
148,1595133518677684224,fivenightsatfreddys
149,1595133515494232064,fivenightsatfreddys
150,1595133508552249344,fivenightsatfreddys
151,1595133505838600192,深圳
152,1595133491397931009,australiavsfrance
153,1595133490613612544,australiavsfrance
154,1595133483034329089,BeautyTukura
155,1595133471944740865,stemcell
156,1595133465791705092,BeautyTukura
157,1595133463174483968,BeautyTukura
158,1595133454282203147,chainsawman
159,1595133395230928896,SpreadTheWord
160,1595133359793278977,九州体育
161,1595133358123515904,hashtag2
162,1595133350486110210,BajwaLeaks
163,1595133328314671104,ChipperXSheggz
164,1595133288422993921,Blood
165,1595133264217243648,ChipperXSheggz
166,1595133249386209280,ChipperXSheggz
167,1595133230583230464,世界杯下注
168,1595133186920828929,spaceopera
169,1595133179006177280,spaceopera
170,1595133166410682369,南宁
171,1595133153643225088,南宁
172,1595133140758331393,南宁
173,1595133137407086592,南宁
174,1595133136689827840,BajwaLeaks
175,1595133108713533440,LongCovid
176,1595133086068396033,Javanrud
177,1595133054976430080,世界杯
178,1595133051293511680,世界杯
179,1595133043575963648,Euro2024
180,1595133041567215616,troubledblood
181,1595133040057266177,troubledblood
182,1595133037670694912,troubledblood
183,1595133024903237632,troubledblood
184,1595133019769098241,blood
185,1595133002060746753,troubledblood
186,1595132994259685376,Javanrud
187,1595132992711630849,Javanrud
188,1595132972084051969,FIFAWorldCup
189,1595132960780746754,BajwaLeaks
190,1595132953918550016,Artsuki
191,1595132952219774976,albumsyoumusthear
192,1595132951226093570,albumsyoumusthear
193,1595132910176112641,佛山
194,1595132837744738304,世界杯下注
195,1595132836415098880,世界杯下注
196,1595132835857244160,世界杯下注
197,1595132788088647680,BeautyTukura
198,1595132735366234112,genlossfanart
199,1595132623646785539,FIFAWorldCup2022
200,1595132622417428481,FIFAWorldCup2022
201,1595132618194190338,fanart
202,1595132607226089473,KarvanGhaderShokri
203,1595132592193695744,LGBT
204,1595132523335806977,TrainlessTuesday
205,1595132508311498754,世界杯下注
206,1595132487625191425,世界杯下注
207,1595132450320941056,世界杯下注
208,1595132384831483907,世界杯下注
209,1595132384676286465,世界杯下注
210,1595132370226917377,NBA
211,1595132364145188864,NBA
212,1595132344805240832,NBA
213,1595132326178324481,NBA
214,1595132281584504832,佛山
215,1595132278899818496,佛山
216,1595132266933800965,Artsuki
217,1595132265604206593,ChipperXSheggz
218,1595132243042701312,Javanrud
219,1595132232741834752,Javanrud
220,1595132203268476928,推特刷粉
221,1595132195085377536,推特刷粉
222,1595132171496599552,佛山
223,1595132170632572928,佛山
224,1595132160457207810,佛山
225,1595132142660354049,佛山
226,1595132140345520129,佛山
227,1595132125484789760,佛山
228,1595132081100980225,Iran
229,1595132059391262721,Iran
230,1595132049467531264,ULTRAKILL
231,1595132043650031616,PutLaborLast
232,1595132032278941696,PutLaborLast
233,1595131994199166976,BeautyTukura
234,1595131956425265152,charity
235,1595131931951190017,FIFAWorldCup
236,1595131907804917762,KayBurley
237,1595131881120731136,btsfanart
238,1595131853920694273,btsfanart
239,1595131843141332992,BeautyTukura
240,1595131805836800002,Chamran
241,1595131754335330304,MahsaAmini
242,1595131751138852864,fivenightsatfreddys
243,1595131750786531328,FIFAWorldCup
244,1595131743484665856,oil
245,1595131686311714816,FIFAWorldCup
246,1595131660949139456,Avatrice
247,1595131640350593024,南宁
248,1595131632956342277,SpreadTheWord
249,1595131630561398784,SpreadTheWord
250,1595131602216288256,SpreadTheWord
251,1595131592132857856,SpreadTheWord
252,1595131582901547010,KayBurley
253,1595131556456185858,GiveBlood
254,1595131546390102016,GiveBlood
255,1595131542195490816,GiveBlood
256,1595131519429128192,KayBurley
257,1595131507580231681,KayBurley
258,1595131495089176576,ENVtuber
259,1595131484586708993,btsfanart
260,1595131434930688001,Javanrud
261,1595131408758063119,lawtwitter
